{
  "Non Kopi": [
    {
      "nama": "Es Krim Mangkok",
      "size": "250 Gram",
      "harga": "25.000",
      "foto": "https://p0.pxfuel.com/preview/861/839/598/ice-ice-cream-ice-cream-sundae-sweet.jpg",
      "link": "https://www.tokopedia.com/jakartagrosirjaya/aice-vanilla-chocolate-sundae-ice-cream-eskrim-800-ml"
    },
    {
      "nama": "Dawet",
      "size": "500 ml",
      "harga": "20.000",
      "link": "#",
      "foto": "https://doyanayam.com/wp-content/uploads/2024/01/7b029f06d7eded68f5212c450971540d.jpg"
    },
    {
      "nama": "TEH TARIK",
      "size": "500 ml",
      "harga": "20.000",
      "link": "#",
      "foto": "https://encrypted-tbn0.gstatic.com/images?q=tbn:ANd9GcStyEtAoyKlEgJdQPCnOdTWx9xWTzSNMUmTiJaXI882_VZgb03KS2oBBz9F&s=10"
    },
    {
      "nama": "Es Jeruk",
      "size": "500 ml",
      "harga": "10.000",
      "link": "#",
      "foto": "https://encrypted-tbn0.gstatic.com/images?q=tbn:ANd9GcTnfNKWu17PSwK8LX3BU0ccc9XOtJmvasaH8Q&usqp=CAU"
    }
  ],
  "Kopi": [
    {
      "nama": "Cappucino ",
      "size": "500ml",
      "harga": "30.000",
      "link": "#",
      "foto": "images/produk/product_kopi_susu.jpg"
    },
    {
      "nama": "Kopi Jahat",
      "size": "500 ml",
      "harga": "30.000",
      "link": "#",
      "foto": "https://media-cdn.yummyadvisor.com/store/e2a03d35-8481-42fc-9fe2-96dba7007d34.jpg?x-oss-process=style/type_11"
    },
    {
      "nama": "Kopi Hitam Tanpa Gula",
      "size": "300 ml",
      "harga": "30.000",
      "link": "#",
      "foto": "https://encrypted-tbn0.gstatic.com/images?q=tbn:ANd9GcTTvwKVU6tJ_2tGuZDa1XzQzBDx3F-QrfX59tOxVzEb4aflr1e8j-X1yiU&s=10"
    },
    {
      "nama": "Kopi Susu",
      "size": "300 ml",
      "harga": "25.000",
      "link": "#",
      "foto": "https://encrypted-tbn0.gstatic.com/images?q=tbn:ANd9GcSr_O6pI1GlhKG9ARmqp7SqNTv9B05BIjfPLJiaNsRf00y98vlfFUAkf3e9&s=10"
    }
  ],
  "Snack": [
    {
      "nama": "Nabati",
      "size": "1 Pcs",
      "harga": "5.000",
      "link": "#",
      "foto": "https://encrypted-tbn0.gstatic.com/images?q=tbn:ANd9GcRg-zb4MBS2VG9wCWcfodAtmIXZ97InjaW7Qs_TRv1BIkpHrKzCCaKXs8Oj&s=10"
    },
    {
      "nama": "Tango",
      "size": "1 Pcs",
      "harga": "9.000",
      "link": "#",
      "foto": "https://encrypted-tbn0.gstatic.com/images?q=tbn:ANd9GcRSFNQWUB2Boy2c5SHXld1pUKbiRYPvFt2-Ejl1ta74aKkKODamy7C4CnQ&s=10"
    },
    {
      "nama": "Tahu Isi",
      "size": "10 PCS",
      "harga": "15.000",
      "link": "#",
      "foto": "https://encrypted-tbn0.gstatic.com/images?q=tbn:ANd9GcTXFSF7dC1sHuMLMIRiinG4yFLQ-2a07h1SvA&usqp=CAU"
    },
    {
      "nama": "Tempe Mendoan",
      "size": "10 pcs",
      "harga": "15.000",
      "link": "#",
      "foto": "https://encrypted-tbn0.gstatic.com/images?q=tbn:ANd9GcTB9URJRO3_Z0-qYIoOUvQgpE9dXf067mrj-eWxh1ZfrcI97qaNgPNBtpU&s=10"
    }
  ],
  "Makanan": [
    {
      "nama": "Soto",
      "size": "1 Porsi",
      "harga": "15.000",
      "link": "#",
      "foto": "https://encrypted-tbn0.gstatic.com/images?q=tbn:ANd9GcSGtKN4pppept9mZcakoVvToNh_SUkhCGD2e0kzjnAeuX3QTM-p8QBh9r4&s=10"
    },
    {
      "nama": "Bakso",
      "size": "1 Porsi",
      "harga": "15.000",
      "link": "#",
      "foto": "https://encrypted-tbn0.gstatic.com/images?q=tbn:ANd9GcQVwoMSdwGWIw4z2VEzqhvYK1-qQZed7lzcbc5QMaYz6CEMpxr2QRQqRSid&s=10"
    },
    {
      "nama": "Nasi Pecel",
      "size": "1 Porsi",
      "harga": "15.000",
      "link": "#",
      "foto": "https://encrypted-tbn0.gstatic.com/images?q=tbn:ANd9GcSK12FxEwgSQoKQsXtF-8QdJtlAoE4pFg2R9g&usqp=CAU"
    },
    {
      "nama": "Indomie Goreng",
      "size": "1 Porsi",
      "harga": "15.000",
      "link": "#",
      "foto": "https://encrypted-tbn0.gstatic.com/images?q=tbn:ANd9GcTTBXe1yhyQgwF1Bb1stFxesFPOBrK7aKID9g&usqp=CAU"
    }
  ]
}